,favorite_count,tweet_id,retweet_count
0,24837,891815181378084864,4136
1,38490,892420643555336193,8478
2,40021,891327558926688256,9333
3,41859,891689557279858688,8596
4,11751,890971913173991426,2057
5,64991,890729181411237888,18803
6,27593,890609185150312448,4245
7,30450,890006608113172480,7298
8,0,886054160059072513,104
9,21744,883838122936631299,3429
10,13344,841439858740625411,3976
11,68605,887473957103951883,18113
12,0,828801551087042563,3735
13,16995,861005113778896900,3926
14,16598,786233965241827333,5327
15,0,777953400541634568,3901
16,24229,676821958043033607,16789
17,856,670792680469889025,288
18,663,670046952931721218,184
19,2282,705102439679201280,555
20,908,668643542311546881,554
21,0,667550882905632768,33
22,742,674042553264685056,135
23,1107,673708611235921920,305
24,7277,671789708968640512,3649
25,6573,801285448605831168,928
26,8753,801115127852503040,2331
27,0,798682547630837760,5284
28,5862,749317047558017024,2424
29,6160,784431430411685888,1428
30,7399,771014301343748096,1828
31,7778,765719909049503744,2376
32,5176,747816857231626240,1270
33,0,746521445350707200,1070
34,8619,736225175608430592,2999
35,2553,697943111201378304,751
36,613,670840546554966016,205
37,12747,779123168116150273,4047
38,0,769335591808995329,8480
39,7285,766313316352462849,2076
40,0,838201503651401729,11001
41,20408,836753516572119041,5027
42,18892,835574547218894849,3956
43,2583,732732193018155009,581
44,6179,747963614829678593,2348
45,17955,707610948723478529,6948
46,1230,675531475945709568,411
47,937,671855973984772097,475
48,2528,696713835009417216,704
49,0,796563435802726400,8168
50,4247,735648611367784448,1186
51,15816,833479644947025920,2259
52,21908,834209720923721728,5244
53,7649,831650051525054464,2140
54,0,820494788566847489,627
55,12715,817536400337801217,3367
56,0,805958939288408065,6007
57,8485,790337589677002753,2085
58,9113,781251288990355457,2337
59,4032,772117678702071809,808
60,7972,783821107061198850,2196
61,10865,767122157629476866,3142
62,2804,749403093750648834,600
63,4569,715680795826982913,1749
64,14562,834574053763584002,2776
65,16741,834167344700198914,3966
66,36985,829374341691346946,10244
67,23126,826958653328592898,5516
68,5385,815990720817401858,1163
69,3146,708845821941387268,971
70,10329,821107785811234820,2360
71,12214,808501579447930884,2897
72,9870,785533386513321988,2239
73,1862,686394059078897668,741
74,9083,813142292504645637,2629
75,0,761371037149827077,19727
76,2359,686377065986265092,608
77,2019,673956914389192708,1021
78,476,666063827256086533,217
79,2490,675888385639251968,1028
80,3273,682303737705140231,1082
81,3135,679132435750195208,1254
82,309,669970042633789440,63
83,15301,674291837063053312,6253
84,7749,673295268553605120,3329
85,3494,689283819090870273,1201
86,3387,681297372102656000,1042
87,759,671743150407421952,239
88,21465,669000397445533696,6645
89,626,668614819948453888,326
90,19483,866686824827068416,3556
91,5460,749981277374128128,2682
92,7089,778027034220126208,1804
93,335,668507509523615744,112
94,12133,762471784394268675,7172
95,1177,671109016219725825,459
96,91796,859196978902773760,31336
97,21962,858471635011153920,5027
98,35022,857746408056729600,11048
99,16717,854010172552949760,3319
100,13311,734787690684657664,6813
101,4401,712668654853337088,1312
102,15460,852672615818899456,2278
103,8679,741743634094141440,3001
104,3723,684914660081053696,1589
105,6982,682032003584274432,2192
106,1729,678764513869611008,518
107,27578,889880896479866881,4947
108,4717,742528092657332225,2165
109,13850,716447146686459905,6346
110,7250,684959798585110529,3415
111,2797,683481228088049664,1077
112,1617,682750546109968385,476
113,4193,681302363064414209,1993
114,2026,678023323247357953,419
115,2364,676897532954456065,782
116,931,674269164442398721,239
117,38409,679828447187857408,15229
118,253,668291999406125056,33
119,1483,674422304705744896,563
120,377,669359674819481600,129
121,3205,677716515794329600,1046
122,1297,696490539101908992,161
123,0,833732339549220864,238
124,29124,839549326359670784,8445
125,20767,838952994649550848,4319
126,20291,836001077879255040,4689
127,17907,832757312314028032,3969
128,0,835685285446955009,8919
129,21991,833722901757046785,3502
130,4212,729823566028484608,1337
131,56581,829011960981237760,17833
132,11076,828011680017821696,2361
133,8168,828408677031882754,1408
134,13505,828381636999917570,2441
135,71,832088576586297345,2
136,1229,689275259254616065,268
137,2625,686007916130873345,454
138,5202,728409960103686147,2176
139,3116,676916996760600576,1928
140,11563,838561493054533637,1439
141,3868,743895849529389061,1041
142,0,818307523543449600,9023
143,4086,684222868335505415,1507
144,332,667119796878725120,129
145,1828,688064179421470721,389
146,307,690607260360429569,18
147,2248,677573743309385728,782
148,975,671518598289059840,303
149,198,666337882303524864,91
150,125,666033412701032449,44
151,3459,690374419777196032,935
152,546,668655139528511488,227
153,17009,850145622816686080,4083
154,0,818588835076603904,6824
155,9403,817171292965273600,2234
156,0,809808892968534016,5468
157,9144,783466772167098368,2510
158,9834,802239329049477120,2908
159,54072,795464331001561088,26608
160,9336,789314372632018944,2563
161,26958,889638837579907072,4522
162,6584,743222593470234624,2069
163,26200,829141528400556032,8152
164,2720,689255633275777024,1171
165,4412,686730991906516992,1304
166,17321,862722525377298433,3635
167,11899,852189679701164033,1676
168,21036,886366144734445568,3187
169,10198,868552278524837888,2136
170,14083,750429297815552001,4721
171,13774,793120401413079041,4362
172,2913,772114945936949249,521
173,23311,876537666061221889,4617
174,21709,797236660651966464,7404
175,0,803321560782307329,5945
176,2838,692919143163629568,805
177,2249,688179443353796608,638
178,787,671485057807351808,241
179,168,666396247373291520,84
180,2721,678800283649069056,978
181,1488,676811746707918848,455
182,4093,675349384339542016,2409
183,984,675147105808306176,255
184,2338,674999807681908736,1174
185,842,674788554665512960,220
186,816,674764817387900928,253
187,3676,673715861853720576,2202
188,1864,672980819271634944,1046
189,1159,671866342182637568,524
190,566,668204964695683073,200
191,801,670823764196741120,199
192,682,670789397210615808,250
193,3161,676098748976615425,1544
194,1555,674632714662858753,611
195,1539,673355879178194945,615
196,462,670833812859932673,128
197,928,668645506898350081,566
198,541,667502640335572993,224
199,775,666362758909284353,568
200,133,666050758794694657,58
201,3265,670815497391357952,1614
202,6619,717047459982213120,2053
203,1343,668975677807423489,612
204,690,670055038660800512,344
205,3050,717790033953034240,1217
206,1623,674271431610523648,767
207,3041,693231807727280129,796
208,3060,692828166163931137,957
209,7920,827600520311402496,1042
210,10581,737800304142471168,3757
211,47267,733109485275860992,17429
212,4328,728015554473250816,1187
213,1780,838150277551247360,357
214,13564,837471256429613056,2511
215,3804,733828123016450049,839
216,22575,836260088725786625,4675
217,17419,835297930240217089,3264
218,2518,679405845277462528,1307
219,2454,678991772295516161,1275
220,14495,678021115718029313,6877
221,3517,677673981332312066,1612
222,2179,676942428000112642,818
223,1802,676440007570247681,715
224,2383,676191832485810177,1098
225,1406,674754018082705410,479
226,48590,667152164079423490,17571
227,238,666739327293083650,66
228,36832,740373189193256964,14459
229,3727,678767140346941444,1480
230,2909,675109292475830276,1205
231,1427,670428280563085312,667
232,11039,670668383499735048,5268
233,2157,685681090388975616,138
234,3198,684567543613382656,1343
235,1544,680221482581123072,313
236,2621,720775346191278080,737
237,4369,714957620017307648,1534
238,3175,705239209544720384,815
239,3035,720340705894408192,1051
240,2956,715704790270025728,606
241,3330,717421804990701568,911
242,3005,711743778164514816,1069
243,2193,700029284593901568,630
244,3593,698989035503689728,1066
245,1366,698635131305795584,369
246,2914,676975532580409345,1149
247,3686,678798276842360832,1287
248,3318,735137028879360001,1049
249,3349,728986383096946689,885
250,4556,728046963732717569,1267
251,2493,716439118184652801,232
252,2697,708479650088034305,732
253,1357,677565715327688705,488
254,1783,676946864479084545,406
255,1280,676237365392908289,314
256,1613,675003128568291329,501
257,738,673656262056419329,254
258,1101,675047298674663426,346
259,7694,745057283344719872,2482
260,2436,707014260413456384,646
261,3203,689877686181715968,1287
262,963,676590572941893632,136
263,197,667393430834667520,58
264,12658,832682457690300417,3210
265,2682,738156290900254721,713
266,3897,732585889486888962,835
267,320,667453023279554560,92
268,6913,667509364010450944,2198
269,1924,675483430902214656,1035
270,130,666029285002620928,47
271,387,671159727754231808,85
272,2973,683828599284170753,1147
273,3244,750101899009982464,919
274,5949,744709971296780288,1692
275,2349,688789766343622656,725
276,3641,682429480204398592,1262
277,520,668286279830867968,142
278,13546,680085611152338944,9672
279,5344,770787852854652928,1355
280,5806,761976711479193600,2224
281,0,766864461642756096,6249
282,12103,761004547850530816,3808
283,5111,749064354620928000,1650
284,11296,781661882474196992,3007
285,23755,773547596996571136,6824
286,20393,840268004936019968,6212
287,0,839290600511926273,154
288,18684,838083903487373313,3427
289,8252,835264098648616962,1858
290,29477,831911600680497154,7154
291,12488,831309418084069378,2677
292,27316,828770345708580865,6473
293,0,791784077045166082,10785
294,5962,780800785462489090,1445
295,7258,692752401762250755,3932
296,3491,690932576555528194,1108
297,1542,681261549936340994,297
298,0,836648853927522308,603
299,0,780092040432480260,2558
300,3182,673716320723169284,800
301,6645,672272411274932228,3551
302,0,832215726631055365,10288
303,2631,718540630683709445,1092
304,2491,685667379192414208,625
305,1138,674038233588723717,432
306,1142,676613908052996102,208
307,1164,670811965569282048,281
308,321,666073100786774016,163
309,5033,709042156699303936,1781
310,3284,706516534877929472,1117
311,3215,727286334147182592,879
312,5607,724405726123311104,1780
313,2758,703631701117943808,750
314,12971,701214700881756160,5545
315,2973,698178924120031232,800
316,2938,694905863685980160,1013
317,3804,690959652130045952,1361
318,2153,689143371370250240,559
319,2458,688519176466644993,792
320,1872,687732144991551489,713
321,4042,683857920510050305,1209
322,2621,681891461017812993,896
323,2796,680609293079592961,775
324,5039,679530280114372609,2242
325,2231,675891555769696257,935
326,871,674036086168010753,227
327,854,673580926094458881,278
328,767,671134062904504320,200
329,665,669353438988365824,267
330,1290,672828477930868736,510
331,1123,671542985629241344,594
332,1802,672139350159835138,750
333,3572,693280720173801472,1352
334,1034,669203728096960512,499
335,3421,751456908746354688,1091
336,3457,685663452032069632,1592
337,4453,733460102733135873,1387
338,3816,677328882937298944,1613
339,1418,673680198160809984,490
340,0,798673117451325440,6214
341,3720,677228873407442944,1757
342,7777,780858289093574656,2215
343,21639,778990705243029504,8093
344,1818,676215927814406144,629
345,2108,683078886620553216,611
346,26095,782969140009107456,8191
347,786,670061506722140161,360
348,3544,738883359779196928,882
349,1902,674767892831932416,850
350,1052,671533943490011136,602
351,19456,862831371563274240,5231
352,18034,782305867769217024,6195
353,3949,715758151270801409,1537
354,1602,694356675654983680,312
355,4402,725786712245440512,1465
356,6239,727644517743104000,1893
357,4095,727175381690781696,1481
358,8385,736010884653420544,3228
359,3820,735991953473572864,1247
360,3549,735256018284875776,959
361,3330,733482008106668032,1027
362,15797,732005617171337216,5905
363,9126,745422732645535745,2648
364,162303,744234799360020481,84178
365,121491,739238157791694849,62788
366,46890,846514051647705089,12490
367,22544,843856843873095681,4993
368,20939,847157206088847362,6290
369,17339,844580511645339650,3388
370,2372,688894073864884227,755
371,3551,683773439333797890,1476
372,3365,683498322573824003,1039
373,3031,680798457301471234,1129
374,1154,673636718965334016,388
375,576,670385711116361728,220
376,24194,841077006473256960,5745
377,45759,756288534030475264,19198
378,16996,827324948884643840,3374
379,14203,826240494070030336,2852
380,13645,825829644528148480,2743
381,14624,792394556390137856,4782
382,48930,791774931465953280,24794
383,3003,740699697422163968,843
384,0,753298634498793472,6326
385,8215,748337862848962560,4505
386,2336,686358356425093120,743
387,707,672245253877968896,162
388,2501,724771698126512129,692
389,19014,832032802820481025,5108
390,12693,831262627380748289,2252
391,0,830173239259324417,6271
392,14731,778408200802557953,4833
393,9560,776477788987613185,3117
394,17223,767754930266464257,5945
395,6260,757393109802180609,1918
396,5061,748699167502000129,1752
397,4120,747461612269887489,1131
398,2302,679872969355714560,718
399,8374,744971049620602880,2929
400,16983,837110210464448512,2610
401,1239,674410619106390016,494
402,1347,674262580978937856,484
403,7632,739485634323156992,3192
404,454,668994913074286592,243
405,1184,670807719151067136,509
406,6893,764857477905154048,1951
407,7971,792773781206999040,1877
408,12207,821886076407029760,2592
409,7619,745314880350101504,3016
410,2363,688211956440801280,910
411,3345,682003177596559360,1657
412,27678,874680097055178752,4656
413,0,832769181346996225,40
414,10240,800459316964663297,2404
415,28305,865006731092295680,7866
416,253,668567822092664832,60
417,1832,693109034023534592,667
418,0,799308762079035393,6189
419,7450,778748913645780993,1482
420,12747,791672322847637504,3496
421,13785,735274964362878976,5496
422,3764,681579835668455424,1425
423,3452,682242692827447297,1287
424,9879,688385280030670848,4834
425,2902,668633411083464705,1722
426,1306,667937095915278337,822
427,7235,774639387460112384,1923
428,3220,697596423848730625,1365
429,44642,882268110199369728,11551
430,3106,727685679342333952,688
431,4107,723912936180330496,1318
432,2590,717841801130979328,644
433,3463,713919462244790272,840
434,4085,752334515931054080,1207
435,42473,869772420881756160,10161
436,24320,867900495410671616,4247
437,16985,860184849394610176,6027
438,27190,877316821321428993,5168
439,24122,873580283840344065,3961
440,16241,867421006826221569,2570
441,0,867072653475098625,128
442,0,852936405516943360,2140
443,2576,718613305783398402,521
444,3962,714982300363173890,1112
445,19284,878776093423087618,4127
446,3572,677700003327029250,1555
447,1026,672095186491711488,384
448,12993,840696689258311684,1068
449,2005,686606069955735556,586
450,339,670361874861563904,69
451,1220,669216679721873412,420
452,972,674606911342424069,104
453,474,668480044826800133,153
454,2558,666020888022790149,512
455,10766,773191612633579521,4547
456,3741,743545585370791937,1017
457,4722,705442520700944385,1791
458,0,836397794269200385,30104
459,9788,831322785565769729,1671
460,8467,785639753186217984,2467
461,2641,707741517457260545,660
462,6468,748575535303884801,2178
463,2379,700151421916807169,715
464,2523,691483041324204033,612
465,7989,685906723014619143,3158
466,10890,699691744225525762,4979
467,1619,670782429121134593,815
468,1149,672609152938721280,405
469,4346,722974582966214656,1701
470,4255,686286779679375361,1809
471,46603,855851453814013952,18527
472,3410,681281657291280384,1196
473,1457,674743008475090944,585
474,996,671347597085433856,450
475,1466,672964561327235073,673
476,4663,757596066325864448,1167
477,0,752309394570878976,18259
478,2698,693642232151285760,450
479,1189,674690135443775488,496
480,1553,786051337297522688,171
481,27358,868622495443632128,5819
482,65921,868880397819494401,14744
483,623,667200525029539841,267
484,830,669661792646373376,460
485,35022,685547936038666240,17050
486,14241,791406955684368384,4599
487,636,668297328638447616,309
488,25102,889278841981685760,5381
489,45903,887517139158093824,11616
490,35728,885528943205470208,6398
491,4047,730211855403241472,1142
492,4529,704871453724954624,1206
493,14668,872820683541237760,3709
494,33609,870804317367881728,6269
495,26751,865359393868664832,5117
496,36641,861383897657036800,11023
497,32400,846139713627017216,10606
498,1675,678396796259975168,455
499,6914,683742671509258241,3617
500,3712,707387676719185920,1412
501,3425,712085617388212225,522
502,20185,871515927908634625,3478
503,123337,866450705531457537,36020
504,24138,863432100342583297,5401
505,1711,702899151802126337,486
506,3049,702539513671897089,1043
507,2628,698710712454139905,743
508,2207,696744641916489729,1023
509,3598,694001791655137281,1120
510,1989,693993230313091072,437
511,2771,699036661657767936,1294
512,2089,674781762103414784,1283
513,219,666353288456101888,72
514,851,670727704916926465,380
515,9111,759447681597108224,2697
516,2145,684177701129875456,730
517,1803,706291001778950144,508
518,2949,728751179681943552,734
519,3879,728387165835677696,1036
520,3285,705975130514706432,801
521,4028,703425003149250560,1502
522,4144,706169069255446529,2406
523,3472,709556954897764353,1148
524,2842,708119489313951744,1055
525,3470,707776935007539200,1023
526,21598,888078434458587136,3478
527,47770,889665388333682689,10008
528,27439,880095782870896641,4356
529,0,879130579576475649,6828
530,4583,738184450748633089,1318
531,6555,735635087207878657,2560
532,31777,849776966551130114,8116
533,49111,881536004380872706,15898
534,16730,841314665196081154,5096
535,2731,707629649552134146,950
536,1742,693582294167244802,276
537,2445,710658690886586372,610
538,4524,708149363256774660,1663
539,3069,691756958957883396,1106
540,5809,687841446767013888,2750
541,2902,675334060156301312,1372
542,665,672523490734551040,180
543,11224,778286810187399168,3680
544,288,668955713004314625,74
545,1998,684902183876321280,575
546,0,838916489579200512,37
547,4614,750117059602808832,1422
548,2218,679736210798047232,865
549,1680,674670581682434048,689
550,1462,673240798075449344,764
551,1685,704347321748819968,383
552,1083,675522403582218240,304
553,12150,855857698524602368,2214
554,27296,855818117272018944,5694
555,0,855245323840757760,6271
556,23531,854732716440526848,6421
557,3673,758355060040593408,1193
558,16254,757400162377592832,7498
559,4718,751583847268179968,1225
560,2448,676588346097852417,859
561,1065,670093938074779648,353
562,355,666776908487630848,175
563,53139,761672994376806400,31948
564,5576,751937170840121344,1473
565,12576,828046555563323392,3154
566,0,824796380199809024,6059
567,0,789280767834746880,5526
568,2951,748705597323898880,1034
569,4357,720415127506415616,1610
570,2306,699434518667751424,554
571,4132,696518437233913856,1836
572,3015,695074328191332352,1195
573,1003,675111688094527488,268
574,5463,766793450729734144,1497
575,835,667534815156183040,554
576,5221,826204788643753985,1028
577,9367,793271401113350145,2638
578,3491,697990423684476929,1403
579,1427,693644216740769793,139
580,1562,689993469801164801,500
581,2237,688898160958271489,853
582,2784,683834909291606017,1203
583,1394,682697186228989953,391
584,4411,743980027717509120,1181
585,261,667160273090932737,63
586,18608,860276583193509888,3592
587,7109,773704687002451968,1818
588,3764,675166823650848770,1727
589,1870,680889648562991104,398
590,1522,674255168825880576,593
591,667,668190681446379520,201
592,1409,672902681409806336,529
593,9191,749395845976588288,3787
594,4524,748692773788876800,1451
595,5913,747512671126323200,1728
596,506,668171859951755264,202
597,454,667012601033924608,227
598,29699,788908386943430656,13838
599,0,752701944171524096,3162
600,121987,807106840509214720,60423
601,14091,807010152071229440,4258
602,6372,759943073749200896,2306
603,4767,750506206503038976,1261
604,0,778396591732486144,13585
605,6392,759793422261743616,2094
606,16946,708400866336894977,10935
607,0,763167063695355904,3329
608,250,797165961484890113,31
609,35100,796149749086875649,15981
610,15583,792913359805018113,4490
611,7847,788178268662984705,2369
612,10347,776201521193218049,2795
613,33931,820749716845686786,11001
614,8872,815639385530101762,1836
615,1354,672968025906282496,573
616,0,798705661114773508,7395
617,0,790227638568808452,3990
618,81386,806629075125202948,38964
619,2799,700518061187723268,866
620,8094,683391852557561860,2595
621,9862,796116448414461957,2706
622,21679,793256262322548741,9308
623,4236,756303284449767430,1190
624,3645,701805642395348998,1836
625,2989,701570477911896070,1015
626,2590,683462770029932544,725
627,1484,673700254269775872,599
628,717,670086499208155136,261
629,2627,682788441537560576,1216
630,0,757597904299253760,321
631,7121,756939218950160384,2204
632,2536,693267061318012928,889
633,4953,697270446429966336,2019
634,11037,689659372465688576,4230
635,5912,667549055577362432,2361
636,251,667174963120574464,84
637,7547,745433870967832576,2766
638,2554,709198395643068416,690
639,9149,695409464418041856,3864
640,3789,680100725817409536,1484
641,1554,674394782723014656,607
642,1079,667806454573760512,515
643,11174,829449946868879360,2229
644,0,825120256414846976,1421
645,14243,800513324630806528,3360
646,6522,749417653287129088,1825
647,5161,713761197720473600,1487
648,1790,759446261539934208,536
649,12306,785927819176054784,3528
650,11326,771380798096281600,5644
651,4425,768609597686943744,1337
652,11383,800751577355128832,3102
653,2416,692894228850999298,873
654,1395,671115716440031232,808
655,2816,685321586178670592,701
656,10927,737445876994609152,4840
657,39110,828708714936930305,12351
658,10795,824663926340194305,1919
659,2701,708711088997666817,792
660,4877,757611664640446465,1226
661,3457,717009362452090881,1052
662,22735,755110668769038337,12141
663,8446,751598357617971201,3317
664,2492,696894894812565505,733
665,2306,683098815881154561,713
666,39306,682962037429899265,18192
667,3597,671122204919246848,2646
668,403,669683899023405056,114
669,1891,672231046314901505,1054
670,13608,790277117346975746,3580
671,3681,686749460672679938,1587
672,3342,679503373272485890,1606
673,2582,666983947667116034,1002
674,174,666273097616637952,76
675,0,863471782782697472,2534
676,1384,671744970634719232,803
677,690,669680153564442624,300
678,1094,675362609739206656,243
679,37657,822244816520155136,10900
680,9053,821765923262631936,1846
681,92978,819004803107983360,40635
682,9232,817056546584727552,1832
683,0,816829038950027264,5243
684,10612,815736392542261248,2519
685,8368,813157409116065792,2467
686,7153,812709060537683968,1595
687,7495,809448704142938112,1638
688,10882,803773340896923648,3093
689,11523,817777686764523521,2959
690,0,801127390143516673,4444
691,30763,800018252395122689,14712
692,11273,789903600034189313,4612
693,10532,789137962068021249,3115
694,4842,741793263812808706,1642
695,3614,740711788199743490,1012
696,11153,794926597468000259,2586
697,10968,784826020293709826,3587
698,646,667873844930215936,421
699,28799,839239871831150596,7128
700,4068,837482249356513284,481
701,0,816062466425819140,1163
702,5569,758405701903519748,2110
703,3958,748324050481647620,836
704,9468,777621514455814149,2767
705,7214,742385895052087300,2163
706,6145,729463711119904772,2487
707,2399,712065007010385924,669
708,2091,677269281705472000,757
709,2035,675113801096802304,828
710,1377,676089483918516224,458
711,2984,686683045143953408,872
712,14849,846505985330044928,3329
713,33296,846153765933735936,9757
714,16032,842846295480000512,3878
715,4665,726224900189511680,1253
716,3411,702684942141153280,1168
717,2162,697575480820686848,550
718,2666,697242256848379904,722
719,2695,696488710901260288,1120
720,2060,687664829264453632,556
721,2568,678380236862578688,976
722,3395,696900204696625153,1110
723,18066,679062614270468097,8919
724,2167,678643457146150913,461
725,2606,673345638550134785,1350
726,1352,672834301050937345,595
727,1368,671891728106971137,590
728,2047,671544874165002241,1095
729,947,671497587707535361,468
730,1707,668587383441514497,1131
731,535,667495797102141441,282
732,921,672239279297454080,335
733,747,800859414831898624,107
734,3804,758854675097526272,983
735,6205,753398408988139520,2106
736,4634,695446424020918272,1961
737,0,798644042770751489,2068
738,11112,762464539388485633,4647
739,6993,759047813560868866,2216
740,1933,686003207160610816,690
741,4187,691820333922455552,1791
742,1055,673363615379013632,326
743,4328,766693177336135680,870
744,2374,699088579889332224,680
745,1996,693095443459342336,501
746,3613,692041934689402880,1380
747,2342,686050296934563840,799
748,1493,674646392044941312,532
749,5741,847842811428974592,1443
750,19904,859924526012018688,4236
751,30778,855459453768019968,8633
752,2134,694329668942569472,543
753,510,669371483794317312,187
754,1734,685943807276412928,664
755,4115,684481074559381504,1268
756,36240,837820167694528512,8576
757,13511,836989968035819520,2497
758,867,667902449697558528,387
759,23871,835152434251116546,3301
760,20772,852226086759018497,7223
761,1820,678341075375947776,584
762,4374,675878199931371520,1497
763,10022,813910438903693312,2099
764,3147,691096613310316544,971
765,9016,813800681631023104,1958
766,20184,813217897535406080,8116
767,7136,805826884734976000,2047
768,8219,796484825502875648,1963
769,13508,752932432744185856,7479
770,6374,746872823977771008,2343
771,4069,743210557239623680,1475
772,0,840728873075638272,17571
773,0,789960241177853952,4647
774,29735,788765914992902144,11497
775,730,668960084974809088,248
776,7545,678755239630127104,3588
777,9526,791312159183634433,2838
778,7273,726935089318363137,2651
779,7441,725842289046749185,2860
780,192,840698636975636481,2
781,11827,838921590096166913,2254
782,4039,739623569819336705,1476
783,6431,746726898085036033,1950
784,4727,727524757080539137,1323
785,2044,683852578183077888,380
786,1501,674051556661161984,507
787,297,666044226329800704,141
788,2511,679844490799091713,836
789,757,670832455012716544,229
790,12084,800388270626521089,3131
791,0,800188575492947969,4402
792,1232,671768281401958400,546
793,2804,695095422348574720,666
794,2016,687399393394311168,678
795,3835,680145970311643136,1888
796,22764,679158373988876288,8803
797,1212,671536543010570240,427
798,25262,670842764863651840,9172
799,557,668981893510119424,320
800,4681,667138269671505920,2271
801,16650,879376492567855104,3112
802,5259,776813020089548800,1339
803,6468,772193107915964416,1533
804,4537,760521673607086080,1538
805,55756,825535076884762624,18982
806,26884,880221127280381952,4214
807,16752,809920764300447744,4343
808,0,821813639212650496,3698
809,9490,805487436403003392,2827
810,974,669603084620980224,386
811,4618,692568918515392513,1665
812,11854,810657578271330305,2943
813,9110,799757965289017345,2413
814,7119,842765311967449089,1374
815,0,832215909146226688,6789
816,5119,824025158776213504,652
817,10300,819588359383371776,2183
818,0,858860390427611136,8445
819,16474,857989990357356544,2688
820,0,856330835276025856,709
821,16837,851591660324737024,3684
822,22454,834786237630337024,5975
823,17095,848212111729840128,3302
824,14340,844979544864018432,2786
825,0,832040443403784192,10656
826,27735,884876753390489601,5735
827,0,823269594223824897,10900
828,10567,816697700272001025,2449
829,13064,829861396166877184,2154
830,33886,829501995190984704,11662
831,3587,820314633777061888,627
832,4542,714141408463036416,1509
833,531,856288084350160898,17
834,358,855862651834028034,28
835,22459,847116187444137987,3422
836,0,823719002937630720,12424
837,14476,819711362133872643,3482
838,13239,818145370475810820,2885
839,8390,803380650405482500,2073
840,759,669015743032369152,388
841,20552,691416866452082688,8292
842,11610,793500921481273345,2665
843,2985,713900603437621249,806
844,6084,717537687239008257,1991
845,2517,705898680587526145,608
846,5780,715360349751484417,1698
847,4818,710588934686908417,2030
848,3650,701981390485725185,1075
849,3868,695314793360662529,1595
850,1884,676819651066732545,712
851,11736,674307341513269249,7346
852,350,670803562457407488,91
853,193,667455448082227200,60
854,2538,680913438424612864,673
855,2037,684195085588783105,563
856,2302,687124485711986689,552
857,79280,877736472329191424,19096
858,10985,702598099714314240,3546
859,2328,672205392827572224,1208
860,80,666102155909144576,12
861,25326,875021211251597312,4718
862,41771,878057613040115712,6828
863,2316,750086836815486976,597
864,3110,832645525019123713,568
865,0,771171053431250945,8357
866,544,667491009379606528,232
867,3970,678740035362037760,1845
868,2382,679047485189439488,739
869,6232,748932637671223296,2466
870,9629,816091915477250048,2392
871,12804,813127251579564032,3489
872,6207,805520635690676224,1846
873,8657,793601777308463104,1827
874,2800,704819833553219584,1087
875,0,796177847564038144,15981
876,0,776249906839351296,10166
877,0,711998809858043904,136
878,24128,884562892145688576,4819
879,2183,689557536375177216,503
880,756,671186162933985280,222
881,1084,670435821946826752,546
882,6497,759197388317847553,2132
883,4839,757354760399941633,1562
884,3459,714631576617938945,1081
885,0,822647212903690241,7083
886,0,820013781606658049,1311
887,0,798701998996647937,8732
888,1866,681679526984871937,484
889,316,666421158376562688,111
890,1215,675740360753160193,371
891,524,668221241640230912,206
892,33425,887343217045368832,10351
893,22427,879050749262655488,4707
894,30527,864197398364647424,9184
895,2292,863427515083354112,99
896,0,860924035999428608,844
897,10961,795400264262053889,3201
898,20481,857263160327368704,4708
899,28305,869702957897576449,6419
900,15685,859851578198683649,3630
901,3572,850333567704068097,357
902,22407,883360690899218434,3661
903,16889,880935762899988482,2772
904,20869,863907417377173506,4247
905,14981,889531135344209921,2224
906,1013,674075285688614912,304
907,534,668544745690562560,237
908,21836,870308999962521604,4204
909,8615,821522889702862852,1954
910,17614,802323869084381190,6527
911,10865,803276597545603072,2758
912,3171,744995568523612160,682
913,125,666437273139982337,48
914,1374,669375718304980992,761
915,242,669923323644657664,59
916,2396,714214115368108032,945
917,1960,703774238772166656,502
918,2184,682638830361513985,650
919,0,817181837579653120,9457
920,978,672591762242805761,348
921,6751,751205363882532864,2006
922,8017,775364825476165632,3308
923,5389,751538714308972544,1390
924,147,666071193221509120,60
925,1997,729113531270991872,355
926,3847,727155742655025152,1427
927,1886,693486665285931008,682
928,8387,693155686491000832,3469
929,2392,689289219123089408,1010
930,3740,686760001961103360,1495
931,4356,685169283572338688,1547
932,3612,683111407806746624,988
933,2290,679729593985699840,893
934,1331,672622327801233409,517
935,2255,688908934925697024,841
936,5378,693590843962331137,2134
937,8626,691793053716221953,4554
938,2301,689835978131935233,818
939,4827,680959110691590145,2157
940,3832,680583894916304897,1455
941,2452,680161097740095489,795
942,72491,884247878851493888,20364
943,0,791821351946420224,23479
944,0,759566828574212096,23264
945,15908,844973813909606400,3462
946,22599,811386762094317568,7133
947,7075,771908950375665664,2099
948,1232,676603393314578432,419
949,2321,702671118226825216,605
950,5100,702217446468493312,1455
951,19487,854365224396361728,4934
952,24592,847962785489326080,5475
953,11973,886736880519319552,3274
954,26784,884441805382717440,5624
955,25932,874296783580663808,4126
956,34369,852311364735569921,10497
957,34369,872122724285648897,8172
958,32317,850753642995093505,9902
959,26373,845677943972139009,5147
960,0,873337748698140672,1593
961,18848,879008229531029506,2683
962,16024,869596645499047938,3175
963,17465,861288531465048066,4294
964,34114,872261713294495745,6373
965,0,855138241867124737,48
966,53100,866334964761202691,14785
967,277,669749430875258880,67
968,168,667065535570550784,48
969,2679,692187005137076224,889
970,1156,671182547775299584,359
971,13235,780074436359819264,5555
972,4365,684097758874210310,1567
973,8643,786286427768250368,3189
974,0,788070120937619456,3808
975,5159,855860136149123072,1085
976,1700,674265582246694913,893
977,0,788552643979468800,8056
978,0,787111942498508800,7479
979,0,776819012571455488,15229
980,12670,776113305656188928,4827
981,10944,775350846108426240,4346
982,20909,871102520638267392,5551
983,20512,869227993411051520,3841
984,9383,852912242202992640,1946
985,13608,850380195714523136,2787
986,0,885311592912609280,18504
987,3777,746056683365994496,894
988,32549,783839966405230592,12041
989,2242,676121918416756736,1248
990,0,780476555013349377,129
991,15981,779056095788752897,5029
992,2116,684122891630342144,515
993,7696,878281511006478336,1290
994,27280,875097192612077568,6039
995,32464,885984800019947520,6780
996,0,878316110768087041,6645
997,7818,683515932363329536,3162
998,1229,673583129559498752,388
999,2327,673213039743795200,888
1000,5637,746818907684614144,1876
1001,4300,745789745784041472,1164
1002,4496,743253157753532416,1313
1003,9500,684594889858887680,3842
1004,3692,684188786104872960,1272
1005,33603,679462823135686656,20435
1006,3508,711306686208872448,793
1007,1482,672475084225949696,733
1008,1817,680494726643068929,524
1009,11422,793241302385262592,3666
1010,5100,767884188863397888,1547
1011,1460,671390180817915904,766
1012,508,674742531037511680,54
1013,28414,856282028240666624,6608
1014,3647,706346369204748288,997
1015,2123,689280876073582592,780
1016,1638,693622659251335168,399
1017,6863,777885040357281792,1822
1018,1615,670073503555706880,826
1019,0,772615324260794368,3724
1020,4058,731156023742988288,1376
1021,1295,673705679337693185,418
1022,736,750381685133418496,35
1023,2131,709179584944730112,728
1024,0,851861385021730816,23
1025,45608,883482846933004288,9916
1026,23790,882992080364220416,3902
1027,21141,880872448815771648,3804
1028,28331,880465832366813184,6269
1029,22177,879862464715927552,3489
1030,40557,872486979161796608,9055
1031,25851,865718153858494464,5742
1032,24040,860524505164394496,5441
1033,15847,858843525470990336,3601
1034,0,860177593139703809,31948
1035,0,857062103051644929,178
1036,44373,849051919805034497,9117
1037,20229,884162670584377345,2968
1038,37970,871879754684805121,11288
1039,8888,863079547188785154,1126
1040,0,860981674716409858,2233
1041,25250,851464819735769094,7524
1042,926,778764940568104960,407
1043,2736,691321916024623104,715
1044,522,669942763794931712,174
1045,479,668528771708952576,235
1046,4378,684588130326986752,1528
1047,1075,668636665813057536,507
1048,2669,690015576308211712,803
1049,3688,731285275100512256,1068
1050,5164,730196704625098752,2079
1051,8639,812466873996607488,2144
1052,17406,840370681858686976,4941
1053,752,823333489516937216,29
1054,11760,818536468981415936,2750
1055,8245,814986499976527872,1437
1056,3502,740359016048689152,928
1057,15770,807621403335917568,4111
1058,0,800855607700029440,1815
1059,2538,681231109724700672,525
1060,735,672481316919734272,128
1061,11570,773985732834758656,4308
1062,0,834477809192075265,11662
1063,0,821421320206483457,6195
1064,0,819015331746349057,20961
1065,36902,817423860136083457,16654
1066,7850,811985624773361665,1566
1067,15878,810254108431155201,3735
1068,4259,729854734790754305,1211
1069,2353,709449600415961088,641
1070,2582,700796979434098688,1038
1071,4311,772102971039580160,1020
1072,4224,760252756032651264,950
1073,2607,674793399141146624,1162
1074,0,768909767477751808,2991
1075,400,667878741721415682,121
1076,163,666094000022159362,73
1077,25044,875747767867523072,4293
1078,7342,847617282490613760,452
1079,27777,886258384151887873,6244
1080,438,670338931251150849,117
1081,3608,689517482558820352,1555
1082,7865,755955933503782912,3166
1083,1309,677301033169788928,443
1084,327,668627278264475648,118
1085,5070,710609963652087808,2539
1086,0,760153949710192640,35
1087,10085,685325112850124800,4344
1088,0,754874841593970688,8803
1089,17782,843604394117681152,2965
1090,21063,846874817362120707,4211
1091,273,821153421864615936,10
1092,7014,793135492858580992,2782
1093,1587,706153300320784384,417
1094,220,667062181243039745,55
1095,5810,710117014656950272,2147
1096,3481,707377100785885184,1166
1097,61198,678399652199309312,29868
1098,1419,677918531514703872,439
1099,5089,677895101218201600,2278
1100,2873,677187300187611136,988
1101,1970,676533798876651520,597
1102,2390,675845657354215424,952
1103,1100,674447403907457024,376
1104,579,674330906434379776,77
1105,13916,673320132811366400,8357
1106,801,670780561024270336,298
1107,164,666435652385423360,53
1108,5594,761334018830917632,1599
1109,3603,677961670166224897,1814
1110,2050,677662372920729601,1050
1111,839,670783437142401025,412
1112,398,669564461267722241,129
1113,2909,688916208532455424,947
1114,527,669597912108789760,157
1115,1708,673352124999274496,567
1116,374,669393256313184256,79
1117,5705,780459368902959104,1183
1118,5340,719551379208073216,2091
1119,537,669684865554620416,91
1120,2167,694352839993344000,672
1121,0,791026214425268224,4599
1122,1978,776088319444877312,168
1123,0,761750502866649088,4344
1124,770,666786068205871104,490
1125,0,777641927919427584,4721
1126,1879,682808988178739200,196
1127,3446,674053186244734976,1378
1128,414,671357843010908160,153
1129,4519,768855141948723200,984
1130,3187,699072405256409088,1286
1131,2290,683030066213818368,795
1132,0,798686750113755136,2595
1133,14277,798933969379225600,5006
1134,8054,798925684722855936,1600
1135,15862,822610361945911296,3274
1136,13101,817120970343411712,2909
1137,11909,803638050916102144,4630
1138,1500,673359818736984064,701
1139,1732,671763349865160704,967
1140,218,666835007768551424,80
1141,32374,784057939640352768,12424
1142,7610,713177543487135744,3064
1143,1105,668641109086707712,560
1144,3269,679777920601223168,1212
1145,31034,814153002265309185,9672
1146,0,798697898615730177,7265
1147,11717,796031486298386433,4123
1148,2904,734912297295085568,557
1149,1211,666051853826850816,845
1150,1422,673576835670777856,588
1151,0,803692223237865472,8292
1152,15724,797545162159308800,5424
1153,8778,799063482566066176,2745
1154,10373,794332329137291264,2951
1155,1472,747651430853525504,171
1156,19987,718631497683582976,8732
1157,11365,813096984823349248,4016
1158,16582,800141422401830912,2857
1159,4403,715009755312439296,1331
1160,12625,824325613288833024,11460
1161,24863,819227688460238848,7410
1162,9688,802572683846291456,2802
1163,10185,786595970293370880,3456
1164,3251,689154315265683456,1090
1165,6880,769695466921623552,1833
1166,0,804413760345620481,3587
1167,13074,712717840512598017,5401
1168,1745,692142790915014657,426
1169,1987,690400367696297985,490
1170,1588,681242418453299201,589
1171,815,668979806671884288,367
1172,1896,675534494439489536,446
1173,29565,853760880890318849,6121
1174,5180,762316489655476224,1242
1175,13360,751251247299190784,6436
1176,9601,831552930092285952,2517
1177,4165,753026973505581056,1067
1178,505,667911425562669056,315
1179,11057,806542213899489280,2643
1180,1755,673148804208660480,659
1181,1246,670717338665226240,518
1182,111,666058600524156928,57
1183,15501,768970937022709760,7227
1184,4721,752660715232722944,1728
1185,521,666454714377183233,208
1186,0,807059379405148160,8191
1187,13604,808001312164028416,3936
1188,898,671166507850801152,368
1189,6949,831315979191906304,1224
1190,4066,772152991789019136,1239
1191,20073,891087950875897856,3093
1192,31672,890240255349198849,7370
1193,32981,892177421306343426,6240
1194,4806,728035342121635841,1806
1195,30063,878604707211726852,7196
1196,23440,774314403806253056,6189
1197,105136,879415818425184262,44017
1198,12479,765222098633691136,3724
1199,30646,822462944365645825,16276
1200,19642,847606175596138505,3633
1201,13121,820690176645140481,3567
1202,0,838831947270979586,12041
1203,10205,747103485104099331,4361
1204,6770,770414278348247044,2272
1205,0,815745968457060357,4599
1206,32401,776218204058357768,17710
1207,0,779124354206535695,20435
1208,2024,703356393781329922,420
1209,0,757729163776290825,8919
1210,2817,701545186879471618,662
1211,3516,700002074055016451,1459
1212,11301,783695101801398276,3585
1213,9249,772877495989305348,4291
1214,7434,745712589599014916,2531
1215,1989,695767669421768709,808
1216,2661,687818504314159109,1029
1217,1618,674014384960745472,685
1218,1491,673686845050527744,457
1219,619,670786190031921152,210
1220,15205,681523177663676416,6326
1221,499,666293911632134144,354
1222,6421,752682090207055872,1760
1223,5587,737826014890496000,1919
1224,9880,789268448748703744,2886
1225,5710,761227390836215808,1709
1226,5147,716080869887381504,1875
1227,2734,706644897839910912,1186
1228,9767,802952499103731712,2241
1229,28329,765395769549590528,3735
1230,4802,761292947749015552,1209
1231,2043,708109389455101952,585
1232,1972,676606785097199616,470
1233,2217,701601587219795968,499
1234,233,666644823164719104,83
1235,0,770093767776997377,3354
1236,5573,765669560888528897,1341
1237,3170,714258258790387713,775
1238,4010,766008592277377025,542
1239,4110,720059472081784833,1221
1240,6300,699446877801091073,2834
1241,1984,698355670425473025,487
1242,1596,690348396616552449,553
1243,6694,793150605191548928,1907
1244,11976,758828659922702336,4205
1245,7363,752917284578922496,1721
1246,1791,690248561355657216,446
1247,22922,881268444196462592,5144
1248,16574,793195938047070209,6281
1249,2273,680191257256136705,549
1250,17702,680055455951884288,7740
1251,473,667405339315146752,223
1252,838,667885044254572545,506
1253,24252,700747788515020802,10166
1254,5865,678708137298427904,2638
1255,1737,672975131468300288,964
1256,2708,676575501977128964,1205
1257,342,670003130994700288,96
1258,422,667782464991965184,249
1259,570,668268907921326080,246
1260,1452,689977555533848577,484
1261,8654,863062471531167744,2534
1262,2575,697482927769255936,737
1263,8004,700143752053182464,2991
1264,4401,690938899477221376,2168
1265,577,668142349051129856,296
1266,1157,674436901579923456,417
1267,738,668631377374486528,330
1268,18565,822975315408461824,3800
1269,8161,753375668877008896,2558
1270,39725,753039830821511168,22976
1271,3685,718971898235854848,1186
1272,6063,817415592588222464,1073
1273,13082,762699858130116608,3990
1274,21491,833124694597443584,5295
1275,12048,832273440279240704,2557
1276,10223,834458053273591808,1826
1277,0,829878982036299777,5516
1278,7901,828376505180889089,1170
1279,21294,820078625395449857,6958
1280,10620,818614493328580609,2869
1281,10078,813172488309972993,2135
1282,7341,789599242079838210,2165
1283,25006,773308824254029826,8263
1284,8044,767500508068192258,2569
1285,5170,720043174954147842,2167
1286,2304,705066031337840642,657
1287,16791,826115272272650244,3452
1288,8587,772826264096874500,2572
1289,14653,768473857036525572,3789
1290,5623,747219827526344708,1723
1291,4934,746507379341139972,1174
1292,6933,802265048156610565,1517
1293,1691,717428917016076293,491
1294,878,674372068062928900,326
1295,335,670778058496974848,74
1296,2219,675145476954566656,961
1297,894,672160042234327040,377
1298,19376,857029823797047296,4168
1299,34907,886983233522544640,7736
1300,3199,723673163800948736,962
1301,0,847978865427394560,3487
1302,3504,728653952833728512,1125
1303,28106,882762694511734784,4901
1304,3997,738885046782832640,1237
1305,2868,714485234495041536,1255
1306,8549,848213670039564288,804
1307,26355,848690551926992896,4617
1308,532,670427002554466305,172
1309,20284,885518971528720385,3743
1310,4230,736365877722001409,1358
1311,6168,687109925361856513,2680
1312,2375,682393905736888321,742
1313,1741,681340665377193984,302
1314,3426,680940246314430465,1147
1315,1713,675898130735476737,612
1316,1464,674045139690631169,675
1317,1096,673270968295534593,387
1318,1207,671141549288370177,684
1319,2197,685307451701334016,478
1320,3964,670319130621435904,1291
1321,2291,670079681849372674,1307
1322,255,666826780179869698,97
1323,10185,746757706116112384,4238
1324,2904,687826841265172480,1231
1325,27269,872967104147763200,5427
1326,0,877611172832227328,80
1327,4823,719704490224398336,1570
1328,2251,710283270106132480,559
1329,3348,750056684286914561,976
1330,1157,674739953134403584,420
1331,724,668779399630725120,384
1332,8776,671729906628341761,4572
1333,150,668967877119254528,25
1334,1622,697995514407682048,362
1335,1019,688804835492233216,213
1336,1629,669571471778410496,1053
1337,2942,699779630832685056,1339
1338,16071,858107933456039936,3026
1339,0,847971574464610304,463
1340,11431,823939628516474880,2996
1341,0,822163064745328640,5327
1342,9905,813202720496779264,2006
1343,27718,882627270321602560,6071
1344,14285,809084759137812480,3905
1345,9400,787810552592695296,3403
1346,0,783347506784731136,6253
1347,18659,782722598790725632,6007
1348,1517,689999384604450816,410
1349,22631,871032628920680449,3844
1350,76893,884925521741709313,18328
1351,5360,796125600683540480,1992
1352,19625,743595368194129920,7129
1353,27752,835172783151792128,6276
1354,14262,833863086058651648,2631
1355,12717,832397543355072512,2440
1356,147,838085839343206401,0
1357,13383,836677758902222849,2426
1358,6715,828409743546925057,1265
1359,13397,828372645993398273,3228
1360,16505,827653905312006145,3307
1361,11318,827199976799354881,2467
1362,5484,826598799820865537,281
1363,7771,819347104292290561,1334
1364,10658,813081950185472002,3084
1365,7711,802600418706604034,1640
1366,8510,830956169170665475,1645
1367,16125,824297048279236611,4267
1368,0,794355576146903043,11497
1369,4600,742161199639494656,1489
1370,3196,715342466308784130,738
1371,32976,816450570814898180,9023
1372,2284,676948236477857792,939
1373,326,668902994700836864,106
1374,1370,678334497360859136,288
1375,1668,678255464182861824,401
1376,1717,675870721063669760,606
1377,1177,674774481756377088,505
1378,6448,674468880899788800,2182
1379,1001,672640509974827008,338
1380,1150,672488522314567680,455
1381,8704,671896809300709376,4343
1382,585,670417414769758208,337
1383,763,670374371102445568,280
1384,444,666411507551481857,325
1385,1637,673612854080196609,763
1386,1169,672482722825261057,635
1387,5719,678424312106393600,2757
1388,2816,675853064436391936,1389
1389,1709,671163268581498880,1157
1390,215,667915453470232577,58
1391,988,666649482315059201,610
1392,2819,691444869282295808,918
1393,296,666057090499244032,141
1394,3570,679511351870550016,1391
1395,3889,733822306246479872,1094
1396,6262,753655901052166144,2390
1397,14170,822859134160621569,2521
1398,0,800443802682937345,4827
1399,9986,793845145112371200,2095
1400,6473,766423258543644672,1757
1401,444,670403879788544000,163
1402,3119,704499785726889984,1081
1403,248,666996132027977728,96
1404,3272,675497103322386432,1381
1405,2314,676957860086095872,869
1406,1464,671879137494245376,721
1407,509,669324657376567296,214
1408,1800,729838605770891264,415
1409,5233,722613351520608256,1763
1410,8514,711968124745228288,2494
1411,3371,715928423106027520,946
1412,3258,708469915515297792,888
1413,2394,704859558691414016,593
1414,3239,699801817392291840,1041
1415,2190,699413908797464576,672
1416,5041,698262614669991936,2175
1417,6301,679111216690831360,2770
1418,1354,675489971617296384,634
1419,435,666701168228331520,222
1420,3203,697255105972801536,1258
1421,2790,669354382627049472,1327
1422,544,668872652652679168,310
1423,8391,743510151680958465,4013
1424,17799,698195409219559425,6467
1425,1727,677314812125323265,580
1426,361,670468609693655041,89
1427,473,669367896104181761,165
1428,642,669363888236994561,239
1429,496,667724302356258817,328
1430,2738,667165590075940865,1173
1431,2195,706901761596989440,647
1432,1121,677530072887205888,242
1433,340,667546741521195010,129
1434,3146,747885874273214464,1082
1435,5346,737678689543020544,1453
1436,12937,771770456517009408,3755
1437,4428,761599872357261312,1293
1438,10666,741099773336379392,6015
1439,113,738891149612572673,6
1440,2325,748568946752774144,730
1441,9404,780192070812196864,2483
1442,5019,778624900596654080,1123
1443,5490,725729321944506368,1926
1444,20846,841320156043304961,5878
1445,23953,838476387338051585,5241
1446,0,835309094223372289,22976
1447,14786,842115215311396866,3273
1448,22407,837366284874571778,5767
1449,15636,836380477523124226,3218
1450,10780,826598365270007810,2585
1451,0,775898661951791106,17429
1452,3894,690005060500217858,1833
1453,2609,679862121895714818,676
1454,9198,774757898236878852,1961
1455,7883,770655142660169732,1923
1456,7092,760656994973933572,2115
1457,11447,748977405889503236,3722
1458,3459,686386521809772549,957
1459,2505,680801747103793152,897
1460,3190,695816827381944320,1274
1461,226,667171260800061440,92
1462,1069,674644256330530816,288
1463,30219,854482394044301312,7233
1464,7607,765371061932261376,2370
1465,2084,679877062409191424,695
1466,2201,680934982542561280,479
1467,3391,750041628174217216,676
1468,2897,750026558547456000,864
1469,5738,670826280409919488,4254
1470,587,668815180734689280,283
1471,5400,768596291618299904,1408
1472,11144,756526248105566208,3971
1473,401,668625577880875008,140
1474,336,667801013445750784,97
1475,0,667550904950915073,35
1476,1854,674024893172875264,1298
1477,1006,672988786805112832,304
1478,1733,667524857454854144,1148
1479,26723,793286476301799424,10288
1480,3665,730427201120833536,1126
1481,2934,676101918813499392,1237
1482,758,667188689915760640,428
1483,3067,667866724293877760,1070
1484,5411,715200624753819648,2035
1485,3164,711008018775851008,673
1486,3741,709566166965075968,1304
1487,4035,701952816642965504,1107
1488,4398,700462010979500032,1954
1489,1541,698703483621523456,411
1490,3203,697881462549430272,1287
1491,1567,696754882863349760,387
1492,37911,694669722378485760,15666
1493,2862,693647888581312512,644
1494,3119,685641971164143616,842
1495,1452,699423671849451520,360
1496,2386,687096057537363968,657
1497,5623,712438159032893441,1687
1498,3110,712092745624633345,972
1499,2860,694925794720792577,991
1500,4426,682259524040966145,1325
1501,1096,675820929667219457,244
1502,1349,675135153782571009,526
1503,1745,674638615994089473,614
1504,1464,674318007229923329,548
1505,1591,675822767435051008,568
1506,1304,673688752737402881,521
1507,848,668274247790391296,238
1508,953,671538301157904385,414
1509,4016,739844404073074688,925
1510,242,666804364988780544,94
1511,4966,749774190421639168,1432
1512,2580,689905486972461056,751
1513,1144,672604026190569472,426
1514,8155,770069151037685760,2546
1515,5434,756651752796094464,1450
1516,3748,726828223124897792,1090
1517,9531,779377524342161408,3452
1518,5209,730573383004487680,2334
1519,3080,746906459439529985,326
1520,0,782021823840026624,6948
1521,5178,746790600704425984,1731
1522,23910,818627210458333184,8263
1523,0,820446719150292993,2857
1524,2466,819238181065359361,448
1525,0,798665375516884993,4343
1526,8321,796865951799083009,2123
1527,9693,793210959003287553,3149
1528,3304,749036806121881602,851
1529,15576,737310737551491075,8033
1530,0,841833993020538882,16654
1531,48563,819006400881917954,20961
1532,678,669037058363662336,326
1533,10198,793165685325201412,3103
1534,8163,789628658055020548,1984
1535,13218,767191397493538821,4207
1536,13550,763837565564780549,4599
1537,17641,755206590534418437,5900
1538,16913,823322678127919110,4444
1539,3043,692017291282812928,1038
1540,2799,679527802031484928,788
1541,13052,780601303617732608,3698
1542,6116,760190180481531904,1994
1543,4011,754449512966619136,808
1544,260,670676092097810432,45
1545,1339,668256321989451776,645
1546,1038,669328503091937280,434
1547,3905,686618349602762752,1473
1548,153,666099513787052032,67
1549,5211,817908911860748288,874
1550,2415,707411934438625280,649
1551,1900,692901601640583168,658
1552,2656,734776360183431168,586
1553,2814,690360449368465409,966
1554,6770,720389942216527872,2729
1555,2949,681981167097122816,1120
1556,2717,680070545539371008,952
1557,646,670420569653809152,330
1558,3466,750011400160841729,996
1559,4487,680497766108381184,2075
1560,6158,749075273010798592,2259
1561,25815,842163532590374912,6271
1562,10687,834089966724603904,2326
1563,5046,759557299618865152,1290
1564,7699,742465774154047488,4218
1565,3892,741438259667034112,908
1566,71398,830583320585068544,18504
1567,12269,792883833364439040,4763
1568,28796,786963064373534720,8919
1569,19708,786709082849828864,6789
1570,3035,679854723806179328,1343
1571,958,674664755118911488,270
1572,1489,725458796924002305,671
1573,5354,746542875601690625,2032
1574,5437,751132876104687617,1430
1575,1573,692423280028966913,251
1576,3234,682662431982772225,1172
1577,2873,680115823365742593,989
1578,12633,775842724423557120,2975
1579,5792,747439450712596480,2096
1580,1676,694342028726001664,529
1581,3395,702332542343577600,1689
1582,2695,698907974262222848,675
1583,2672,721001180231503872,662
1584,3641,669625907762618368,1892
1585,3822,737322739594330112,878
1586,11260,798209839306514432,2849
1587,6710,770293558247038976,1646
1588,2829,695051054296211456,853
1589,28001,703041949650034688,13585
1590,2611,703407252292673536,761
1591,7828,703079050210877440,3358
1592,4048,705428427625635840,1833
1593,3101,704054845121142784,998
1594,26579,801167903437357056,6657
1595,21423,847251039262605312,4605
1596,27036,841680585030541313,8387
1597,0,840761248237133825,1901
1598,9492,840632337062862849,1901
1599,4814,710997087345876993,1503
1600,2505,710296729921429505,796
1601,2162,709158332880297985,450
1602,3633,707693576495472641,1080
1603,4625,708026248782585858,2081
1604,6584,674063288070742018,2354
1605,749,672591271085670400,195
1606,109,666049248165822465,40
1607,2936,679148763231985668,1114
1608,875,673709992831262724,287
1609,987,670733412878163972,530
1610,7905,763103485927849985,2502
1611,30321,887101392804085760,5931
1612,1287,671874878652489728,580
1613,1390,671547767500775424,623
1614,1246,675146535592706048,331
1615,1367,672594978741354496,633
1616,2239,685973236358713344,579
1617,572,670408998013820928,233
1618,7478,742534281772302336,3854
1619,918,672898206762672129,440
1620,4087,718234618122661888,1082
1621,2843,710833117892898816,582
1622,8712,799422933579902976,2133
1623,8336,745074613265149952,3835
1624,5132,696886256886657024,1936
1625,1260,676582956622721024,303
1626,293,667832474953625600,63
1627,8410,782598640137187329,2090
1628,258,712309440758808576,25
1629,2542,710269109699739648,1218
1630,2926,707297311098011648,862
1631,7773,714962719905021952,4617
1632,12761,789530877013393408,3770
1633,12111,777684233540206592,3269
1634,5797,769212283578875904,1897
1635,13746,747648653817413632,6370
1636,2216,835246439529840640,79
1637,6135,758740312047005698,1754
1638,803,667443425659232256,597
1639,0,872668790621863937,28
1640,14169,832998151111966721,2429
1641,0,802624713319034886,3269
1642,7506,793180763617361921,2223
1643,5712,739606147276148736,1802
1644,3358,705591895322394625,1243
1645,2407,698342080612007937,1028
1646,4849,695629776980148225,2275
1647,2487,687102708889812993,1075
1648,3554,685315239903100929,1172
1649,2297,680805554198020098,720
1650,1261,672614745925664768,615
1651,383,667728196545200128,153
1652,2304,684200372118904832,1122
1653,22422,781524693396357120,6167
1654,6503,764259802650378240,1673
1655,3620,697463031882764288,1496
1656,2973,690021994562220032,1122
1657,591,669006782128353280,261
1658,1395,672466075045466113,565
1659,6669,804475857670639616,2240
1660,4097,758474966123810816,1088
1661,319,666430724426358785,198
1662,21154,739979191639244800,6418
1663,3908,724983749226668032,1410
1664,4779,710272297844797440,1362
1665,2460,698549713696649216,669
1666,3296,707995814724026368,1210
1667,8537,704364645503647744,3848
1668,15448,706904523814649856,8480
1669,2405,707420581654872064,751
1670,2328,707038192327901184,860
1671,4578,724049859469295616,1910
1672,5589,723179728551723008,2026
1673,5847,716791146589110272,1498
1674,1301,716730379797970944,460
1675,4123,715696743237730304,1393
1676,2690,710844581445812225,743
1677,17459,708810915978854401,7525
1678,4430,724004602748780546,1709
1679,8143,723688335806480385,3218
1680,2551,715220193576927233,709
1681,22655,843235543001513987,6550
1682,3453,714251586676113411,910
1683,2615,707315916783140866,692
1684,5422,704847917308362754,1660
1685,2609,677687604918272002,909
1686,630,670822709593571328,101
1687,2032,670804601705242624,994
1688,431,666055525042405380,249
1689,13553,681694085539872773,4402
1690,3302,685268753634967552,1314
1691,1072,673711475735838725,314
1692,1288,672984142909456390,567
1693,0,799774291445383169,5240
1694,0,778774459159379968,11060
1695,3482,697259378236399616,1078
1696,896,674805413498527744,375
1697,308,667924896115245057,114
1698,29947,887705289381826560,5366
1699,50190,881666595344535552,10628
1700,126,881633300179243008,7
1701,22593,877556246731214848,3812
1702,0,849668094696017920,5295
1703,40748,844704788403113984,11152
1704,2772,709409458133323776,752
1705,1893,708853462201716736,708
1706,3515,706681918348251136,1048
1707,42161,739544079319588864,23264
1708,2290,692158366030913536,862
1709,509,668154635664932864,326
1710,13108,785170936622350336,5415
1711,4051,726887082820554753,1628
1712,3697,709852847387627521,1290
1713,6060,857393404942143489,1708
1714,2751,700864154249383937,664
1715,2080,699775878809702401,659
1716,2368,693262851218264065,545
1717,3389,692535307825213440,1472
1718,1964,692530551048294401,456
1719,2173,687460506001633280,589
1720,2991,679001094530465792,1336
1721,1486,671735591348891648,788
1722,103,666268910803644416,35
1723,2597,693629975228977152,869
1724,6810,780543529827336192,1924
1725,837,669753178989142016,422
1726,116,886267009285017600,4
1727,7217,873213775632977920,1593
1728,0,851953902622658560,10244
1729,2996,688116655151435777,851
1730,768,670679630144274432,302
1731,477,668542336805281792,223
1732,246,667861340749471744,80
1733,36939,883117836046086144,6648
1734,390,666781792255496192,200
1735,670,675706639471788032,103
1736,3493,703769065844768768,1231
1737,5813,687127927494963200,2483
1738,3240,685532292383666176,1248
1739,715,667793409583771648,338
1740,11940,796387464403357696,4653
1741,4631,687312378585812992,2067
1742,1577,670474236058800128,800
1743,6904,670444955656130560,2068
1744,956,671138694582165504,421
1745,26935,877201837425926144,5584
1746,18634,876484053909872640,2394
1747,28866,888917238123831296,4477
1748,188,666691418707132416,47
1749,4931,721503162398597120,2026
1750,4018,712097430750289920,1115
1751,9409,711732680602345472,4456
1752,51,707983188426153984,2
1753,4307,707021089608753152,1485
1754,2885,706265994973601792,995
1755,4095,703611486317502464,1648
1756,7034,704761120771465216,3142
1757,2740,705223444686888960,875
1758,3332,705970349788291072,964
1759,0,845098359547420673,8263
1760,3150,709918798883774466,1157
1761,3136,705475953783398401,1001
1762,1970,704113298707505153,611
1763,3724,703382836347330562,1240
1764,1288,677698403548192770,343
1765,1366,676949632774234114,425
1766,12177,676470639084101634,5005
1767,104,666447344410484738,20
1768,1539,680440374763077632,548
1769,6205,751830394383790080,2146
1770,5101,719991154352222208,1891
1771,2343,828361771580813312,186
1772,0,793614319594401792,3496
1773,10670,793226087023144960,3196
1774,0,790723298204217344,2592
1775,0,786729988674449408,2697
1776,31644,783334639985389568,13059
1777,8074,782747134529531904,1555
1778,411,667073648344346624,125
1779,393,667192066997374976,109
1780,9711,784517518371221505,2826
1781,8809,783085703974514689,2472
1782,5144,718454725339934721,1627
1783,1842,693942351086120961,399
1784,5229,676776431406465024,2162
1785,2897,672256522047614977,1628
1786,864,671528761649688577,269
1787,783,670704688707301377,387
1788,15751,759923798737051648,6249
1789,997,670465786746662913,581
1790,2928,710140971284037632,966
1791,1239,674008982932058114,370
1792,759,673350198937153538,222
1793,1178,672264251789176834,356
1794,651,670069087419133954,255
1795,1583,734559631394082816,429
1796,4219,678446151570427904,1705
1797,1058,672538107540070400,389
1798,1492,668623201287675904,811
1799,10714,675798442703122432,3617
1800,2172,676263575653122048,586
1801,3162,684147889187209216,1628
1802,11810,786363235746385920,3909
1803,1995,699370870310113280,476
1804,192,667177989038297088,55
1805,7299,677547928504967168,3910
1806,3409,682047327939461121,1048
1807,6373,752173152931807232,2024
1808,4851,750383411068534784,1241
1809,2934,716285507865542656,1172
1810,2534,709225125749587968,622
1811,2862,718460005985447936,575
1812,1856,697630435728322560,583
1813,3301,673906403526995968,1714
1814,4940,728760639972315136,1838
1815,9150,778039087836069888,2927
1816,9391,821149554670182400,2225
1817,2809,700167517596164096,811
1818,10922,808838249661788160,3385
1819,1574,709519240576036864,259
1820,17608,795076730285391872,6059
1821,10016,741067306818797568,3354
1822,45989,808344865868283904,23135
1823,5466,742150209887731712,1694
1824,1908,801854953262350336,261
1825,6480,730924654643314689,2144
1826,13853,811627233043480576,3494
1827,8360,801958328846974976,1908
1828,14874,804738756058218496,4305
1829,10498,830097400375152640,3311
1830,0,806242860592926720,13059
1831,34359,762035686371364864,17182
1832,3586,708130923141795840,909
1833,0,796904159865868288,9952
1834,4853,757725642876129280,1338
1835,14803,812372279581671427,4090
1836,2753,702932127499816960,783
1837,5768,810984652412424192,1593
1838,3738,732726085725589504,957
1839,48326,804026241225523202,18088
1840,25569,831939777352105988,6733
1841,21545,827933404142436356,5747
1842,19491,822489057087389700,7083
1843,8549,808733504066486276,2410
1844,12639,797971864723324932,3506
1845,2635,740365076218183684,471
1846,667,670442337873600512,205
1847,925,668988183816871936,494
1848,6382,668237644992782336,2966
1849,339,667090893657276420,129
1850,5407,738537504001953792,1696
1851,2477,690690673629138944,859
1852,4666,719339463458033665,1353
1853,3612,704480331685040129,1147
1854,6805,740995100998766593,3002
1855,2375,689623661272240129,703
1856,2541,687807801670897665,760
1857,4133,683449695444799489,1744
1858,5274,682059653698686977,1844
1859,2819,681320187870711809,822
1860,1589,676496375194980353,571
1861,1017,675006312288268288,241
1862,3565,671882082306625538,1439
1863,0,835536468978302976,1858
1864,2059,696100768806522880,721
1865,753,670797304698376195,247
1866,1388,690649993829576704,305
1867,601,671486386088865792,214
1868,606,670691627984359425,253
1869,165,666428276349472768,83
1870,109,666407126856765440,40
1871,149,666287406224695296,64
1872,9331,738166403467907072,3702
1873,21764,784183165795655680,8990
1874,566,668986018524233728,174
1875,456,669972011175813120,168
1876,1466,688828561667567616,401
1877,6554,675153376133427200,2770
1878,2475,672125275208069120,1198
1879,1016,668248472370458624,504
1880,1424,677334615166730240,317
1881,619,667176164155375616,472
1882,2067,705786532653883392,577
1883,2632,702276748847800320,828
1884,2360,700890391244103680,621
1885,2418,700505138482569216,620
1886,2592,696877980375769088,772
1887,12106,678278586130948096,6563
1888,1363,675517828909424640,487
1889,2822,675015141583413248,1274
1890,1145,674790488185167872,268
1891,893,673317986296586240,277
1892,2233,684880619965411328,895
1893,2945,678774928607469569,999
1894,2001,676146341966438401,714
1895,2024,672997845381865473,756
1896,692,671147085991960577,240
1897,438,668484198282485761,245
1898,14586,667182792070062081,6385
1899,2089,703268521220972544,597
1900,2949,719367763014393856,798
1901,3823,708356463048204288,1455
1902,6575,746369468511756288,1797
1903,0,743835915802583040,2271
1904,2490,708349470027751425,795
1905,9307,741303864243200000,3510
1906,4298,739932936087216128,1173
1907,18815,736392552031657984,8056
1908,8556,732375214819057664,2721
1909,34757,711694788429553666,19727
1910,4089,711652651650457602,990
1911,15060,748220828303695873,8501
1912,7071,747933425676525569,2787
1913,7192,744334592493166593,2326
1914,3664,706538006853918722,1530
1915,13352,709207347839836162,6310
1916,2386,699788877217865730,538
1917,3351,697616773278015490,1096
1918,3030,678675843183484930,1608
1919,5577,748346686624440324,1344
1920,3889,675149409102012420,1788
1921,762,668992363537309700,363
1922,241,669567591774625800,59
1923,5735,773670353721753600,1438
1924,4016,699060279947165696,1962
1925,335,669993076832759809,87
1926,1796,673689733134946305,681
1927,3038,676617503762681856,1054
1928,274,668932921458302977,60
1929,2597,699079609774645248,712
1930,9858,681339448655802368,4410
1931,8890,790698755171364864,2130
1932,3226,749996283729883136,882
1933,236,857214891891077121,19
1934,1733,678969228704284672,499
1935,982,675849018447167488,161
1936,1981,675710890956750848,885
1937,682,668113020489474048,252
1938,2590,692905862751522816,949
1939,0,817502432452313088,3769
1940,0,812747805718642688,7740
1941,6563,812503143955202048,1365
1942,6038,811647686436880384,826
1943,9786,810896069567610880,1993
1944,14107,750719632563142656,5526
1945,3929,747594051852075008,1151
1946,7347,746131877086527488,2397
1947,5150,758467244762497024,2448
1948,6270,751793661361422336,3198
1949,375,667517642048163840,197
1950,17867,675501075957489664,6214
1951,1004,673343217010679808,281
1952,6667,788039637453406209,1482
1953,7244,785872687017132033,2030
1954,6610,785515384317313025,1407
1955,0,768554158521745409,6418
1956,3726,684926975086034944,512
1957,2199,697516214579523584,1228
1958,1663,671511350426865664,760
1959,187,667044094246576128,51
1960,409,668892474547511297,160
1961,4802,676593408224403456,2316
1962,14343,844223788422217728,2371
1963,34127,675354435921575936,18259
1964,885,667544320556335104,540
1965,11517,834931633769889797,1802
1966,2998,680206703334408192,1277
1967,499,667211855547486208,248
1968,3126,674800520222154752,913
1969,459,670755717859713024,119
1970,16752,775085132600442880,5240
1971,3659,680836378243002368,1443
1972,1465,676430933382295552,370
1973,16033,824775126675836928,3897
1974,19739,888554962724278272,3556
1975,22251,886680336477933568,4446
1976,34461,874012996292530176,10475
1977,32650,864873206498414592,8940
1978,18946,859607811541651456,1626
1979,13493,823699002998870016,2666
1980,0,798628517273620480,2198
1981,8390,754120377874386944,2563
1982,5934,752568224206688256,2504
1983,940,671550332464455680,216
1984,1438,671520732782923777,553
1985,1444,670434127938719744,672
1986,8595,813066809284972545,2166
1987,8180,812781120811126785,2128
1988,21571,809220051211603969,6271
1989,36757,870063196459192321,8459
1990,30788,845812042753855489,9422
1991,13888,834086379323871233,2421
1992,18247,832369877331693569,3487
1993,13988,823581115634085888,2928
1994,3480,702321140488925184,1120
1995,2804,700062718104104960,753
1996,3413,696405997980676096,1234
1997,11721,768193404517830656,3901
1998,793,763956972077010945,59
1999,363,831926988323639298,36
2000,0,826615380357632002,4343
2001,6947,806219024703037440,1338
2002,7791,792050063153438720,2007
2003,6971,772581559778025472,1874
2004,8387,750071704093859840,3649
2005,1806,744223424764059648,405
2006,19649,712809025985978368,7265
2007,19603,825147591692263424,5046
2008,6813,825026590719483904,1421
2009,13844,819924195358416896,5368
2010,8434,787322443945877504,1947
2011,527,666817836334096384,258
2012,1607,704134088924532736,507
2013,388,669926384437997569,109
2014,8160,811744202451197953,1793
2015,8430,805207613751304193,1899
2016,9981,794205286408003585,3696
2017,11752,787397959788929025,3159
2018,8903,771500966810099713,2897
2019,6705,771102124360998913,1585
2020,0,759159934323924993,1291
2021,3509,727314416056803329,808
2022,2814,724046343203856385,601
2023,3295,720785406564900865,841
2024,1051,672169685991993344,386
2025,78444,676219687039057920,33293
2026,2064,691675652215414786,552
2027,2306,690728923253055490,563
2028,2594,687704180304273409,913
2029,1353,670421925039075328,668
2030,209,667538891197542400,67
2031,964,673887867907739649,264
2032,3825,714606013974974464,1007
2033,1776,672248013293752320,633
2034,481,667530908589760512,249
2035,20544,779834332596887552,7885
2036,5312,760641137271070720,1417
2037,11933,849336543269576704,2019
2038,7383,757741869644341248,3572
2039,22440,790581949425475584,8003
2040,7899,752519690950500352,3770
2041,21324,850019790995546112,5225
2042,4568,761745352076779520,942
2043,0,871166179821445120,5745
2044,34217,867774946302451713,7477
2045,25393,888804989199671297,4292
2046,29139,882045870035918850,4955
2047,21517,851224888060895234,6092
2048,0,791780927877898241,4238
2049,7712,781308096455073793,2831
2050,20232,871762521631449091,3504
2051,8134,760539183865880579,3989
2052,706,674416750885273600,148
2053,724,670290420111441920,298
2054,34580,859074603037188101,14091
2055,2573,680970795137544192,721
2056,8051,682406705142087680,1915
2057,1041,671488513339211776,491
2058,812,704491224099647488,91
2059,2793,766714921925144576,423
2060,4594,766069199026450432,958
2061,15584,759099523532779520,4603
2062,5691,754482103782404096,2139
2063,11871,818259473185828864,2537
2064,24228,815966073409433600,9457
2065,12191,814638523311648768,3015
2066,21423,813187593374461952,4866
2067,38352,810284430598270976,12736
2068,3125,694183373896572928,1005
2069,2880,684800227459624960,1080
2070,827,666837028449972224,562
2071,6891,773922284943896577,1917
2072,0,773336787167145985,5644
2073,142121,822872901745569793,48559
2074,0,798585098161549313,6385
2075,3866,711363825979756544,1226
2076,3776,701889187134500865,1494
2077,2873,698953797952008193,977
2078,3382,695794761660297217,848
2079,2815,684538444857667585,1046
2080,3942,681193455364796417,1618
2081,452,668826086256599040,146
2082,39216,813812741911748608,15601
2083,1516,674752233200820224,492
2084,16904,832636094638288896,3067
2085,438,670303360680108032,141
2086,10445,742423170473463808,4130
2087,21378,687317306314240000,9952
2088,490,671355857343524864,117
2089,455,667437278097252352,245
2090,9898,771136648247640064,3229
2091,22724,706310011488698368,8659
2092,985,672995267319328768,311
2093,374,667369227918143488,167
2094,0,780496263422808064,4130
2095,4720,713175907180089344,1567
2096,7247,671504605491109889,3693
2097,0,798576900688019456,6564
2098,23370,780931614150983680,8168
2099,6710,756998049151549440,2185
2100,0,798340744599797760,3755
2101,10128,773247561583001600,3557
2102,9156,796080075804475393,2588
2103,4098,760893934457552897,1067
2104,7217,759846353224826880,2184
2105,7365,754856583969079297,2769
2106,20851,862457590147678208,5106
2107,0,814578408554463233,6467
2108,5113,750868782890057730,1518
2109,0,805823200554876929,8990
2110,16797,846042936437604353,3106
2111,32988,854120357044912130,7906
2112,12659,821407182352777218,4822
2113,55896,817827839487737858,30104
2114,422,668496999348633600,136
2115,1308,673342308415348736,619
2116,0,878404777348136964,1290
2117,20248,866720684873056260,4916
2118,0,813944609378369540,3580
2119,10737,790987426131050500,2390
2120,13212,671561002136281088,7575
2121,33855,769940425801170949,10656
2122,264,667470559035432960,100
2123,701,668989615043424256,342
2124,310,668226093875376128,107
2125,14197,839990271299457024,2496
2126,4451,694206574471057408,2205
2127,1811,691090071332753408,363
2128,3420,684940049151070208,1135
2129,3125,683357973142474752,1021
2130,2024,681610798867845120,515
2131,2089,690597161306841088,653
2132,2772,688547210804498433,763
2133,2095,687476254459715584,583
2134,37290,684830982659280897,23479
2135,1772,682389078323662849,505
2136,11127,831670449226514432,1992
2137,1749,679722016581222400,509
2138,771,670040295598354432,115
2139,779,674082852460433408,180
2140,1598,672884426393653248,865
2141,589,669327207240699904,120
2142,294,666345417576210432,135
2143,2211,676864501615042560,769
2144,334,670433248821026816,118
2145,1132,673707060090052608,413
2146,907,668466899341221888,537
2147,2077,675707330206547968,740
2148,10549,781163403222056960,3031
2149,3881,750132105863102464,1389
2150,124,666418789513326592,46
2151,11060,787717603741622272,3099
2152,120,870726314365509632,3
2153,0,866094527597207552,8576
2154,14787,864279568663928832,3119
2155,12118,856526610513747968,1958
2156,2752,754747087846248448,573
2157,18273,783391753726550016,6144
2158,10033,789986466051088384,2592
2159,5811,763183847194451968,1628
2160,6907,756275833623502848,1684
2161,2477,685198997565345792,729
2162,257,668537837512433665,78
2163,0,747242308580548608,3142
2164,6233,778650543019483137,1659
2165,28727,760290219849637889,12626
2166,3638,753294487569522689,1145
2167,2894,708738143638450176,882
2168,36080,853639147608842240,10708
2169,25895,848324959059550208,4926
2170,21775,885167619883638784,4364
2171,22536,874057562936811520,3964
2172,16565,849412302885593088,3353
2173,16977,852553447878664193,3728
2174,20710,872620804844003328,3719
2175,82739,870374049280663552,26512
2176,75732,862096992088072192,24012
2177,24132,881906580714921986,3389
2178,311,879674319642796034,10
2179,0,874434818259525634,14785
2180,12417,870656317836468226,2671
2181,0,856602993587888130,11152
2182,448,669573570759163904,149
2183,2991,747844099428986880,816
2184,2036,687494652870668288,624
2185,2513,684969860808454144,418
2186,2100,684460069371654144,604
2187,2785,683849932751646720,1066
2188,3055,683142553609318400,1134
2189,2803,681654059175129088,1008
2190,15488,863553081350529029,4283
2191,9137,686947101016735744,3449
2192,4507,716802964044845056,1266
2193,809,672222792075620352,221
2194,2428,680130881361686529,1032
2195,2470,747600769478692864,598
2196,564,670452855871037440,217
2197,3603,747204161125646336,1002
2198,0,786036967502913536,7885
2199,2695,680473011644985345,809
2200,11559,786664955043049472,2864
2201,1224,686035780142297088,133
2202,8665,684241637099323392,3588
2203,3468,738402415918125056,924
2204,987,672970152493887488,373
2205,1146,677331501395156992,256
2206,0,798694562394996736,5545
2207,7101,740214038584557568,2134
2208,0,802185808107208704,297
2209,8876,801538201127157760,2301
2210,0,820837357901512704,7410
2211,5720,819952236453363712,1311
2212,10770,816816676327063552,2263
2213,0,816014286006976512,5905
2214,4818,813130366689148928,494
2215,19252,740676976021798912,7395
2216,4133,680176173301628928,1697
2217,465,668852170888998912,173
2218,16318,833826103416520705,3761
2219,19710,826476773533745153,4625
2220,6666,788150585577050112,1451
2221,1536,672267570918129665,640
2222,1474,672254177670729728,770
2223,744,671154572044468225,227
2224,690,671151324042559489,160
2225,1105,670764103623966721,441
2226,603,670037189829525505,292
2227,363,669682095984410625,137
2228,8473,753420520834629632,3909
2229,4579,736736130620620800,1884
2230,0,766078092750233600,2860
2231,3305,750147208377409536,1056
2232,1975,677644091929329666,858
2233,1777,675372240448454658,538
2234,188,666373753744588802,93
2235,8013,845397057150107648,1957
2236,24526,845306882940190720,5809
2237,15906,843981021012017153,3149
2238,1148,671362598324076544,307
2239,1225,670449342516494336,700
2240,3313,686034024800862208,1273
2241,451,669351434509529089,195
2242,12879,796759840936919040,3417
2243,13914,775729183532220416,5069
2244,1136,670995969505435648,305
2245,14268,666104133288665088,6564
2246,1058,672877615439593473,386
2247,1712,695064344191721472,652
2248,2224,679475951516934144,688
2249,32477,867051520902168576,8031
2250,15444,777189768882946048,4806
2251,14919,775733305207554048,4444
2252,966,672082170312290304,381
2253,9930,692417313023332352,3769
2254,3213,677335745548390400,1931
2255,4339,707738799544082433,2670
2256,16886,788412144018661376,5911
2257,18012,790946055508652032,5243
2258,0,819015337530290176,40635
2259,27733,876120275196170240,4687
2260,20540,876838120628539392,3351
2261,21790,875144289856114688,4926
2262,0,868639477480148993,2136
2263,668,674737130913071104,97
2264,19459,682088079302213632,10785
2265,12367,689599056876867584,6002
2266,5456,706166467411222528,1747
2267,3071,710153181850935296,967
2268,710,709901256215666688,107
2269,1802,708834316713893888,545
2270,2863,707969809498152960,1049
2271,2727,707059547140169728,731
2272,4470,678410210315247616,1972
2273,2559,677557565589463040,1252
2274,3927,673697980713705472,2069
2275,1291,673662677122719744,381
2276,1971,678389028614488064,454
2277,1207,673919437611909120,385
2278,210,668620235289837568,45
2279,455,667766675769573376,225
2280,4017,690735892932222976,1391
2281,1336,672068090318987265,539
2282,2092,670411370698022913,944
2283,240,667773195014021121,58
2284,85,667070482143944705,14
2285,1315,684225744407494656,229
2286,118,666082916733198337,44
2287,6281,690989312272396288,3120
2288,13337,676936541936185344,5284
2289,4764,743609206067040256,1495
2290,19066,842535590457499648,3784
2291,3294,751950017322246144,1020
2292,2021,713909862279876608,592
2293,5583,770772759874076672,1565
2294,1148,670838202509447168,729
2295,1531,669583744538451968,970
2296,1690,675781562965868544,507
2297,2905,758041019896193024,414
2298,23247,879492040517615616,3177
2299,1585,675432746517426176,602
2300,7864,785264754247995392,1828
2301,16663,856543823941562368,3003
2302,16062,853299958564483072,3762
2303,11160,815390420867969024,4228
2304,9355,814530161257443328,2059
2305,0,808134635716833280,6657
2306,5242,806576416489959424,2145
2307,8953,805932879469572096,2127
2308,2288,706593038911545345,680
2309,0,794983741416415232,3770
2310,2584,700847567345688576,541
2311,3353,699323444782047232,936
2312,1942,667886921285246976,1132
2313,4937,715733265223708672,1833
2314,12001,781955203444699136,3737
2315,6307,778383385161035776,1224
2316,5524,718939241951195136,1900
2317,9429,808106460588765185,2434
2318,10766,799297110730567681,3094
2319,10164,828650029636317184,1479
2320,310,667435689202614272,85
2321,1173,674019345211760640,316
2322,22626,813051746834595840,8157
2323,18266,793962221541933056,5468
2324,3607,719332531645071360,1033
2325,0,806620845233815552,6167
2326,2037,718246886998687744,538
2327,39075,826848821049180160,11297
2328,11208,825876512159186944,2056
2329,13610,821044531881721856,2534
2330,9274,816336735214911488,2171
2331,11170,813112105746448384,3074
2332,0,818646164899774465,23135
2333,3911,748307329658011649,780
2334,4660,713411074226274305,1397
2335,4320,691459709405118465,1247
2336,7641,860563773140209665,2233
2337,3400,689661964914655233,1007
2338,1700,687480748861947905,268
2339,4331,781655249211752448,1247
2340,20574,758099635764359168,11060
2341,457,669214165781868544,178
